
="",="(1)",="(2)",="(3)",="(4)"
="",="delivery",="delivery",="delivery",="delivery"

="low2_fbd_district_oldXpost",="0.145***",="0.153***",="0.143***",="0.104***"
="",="(0.0161)",="(0.0160)",="(0.0170)",="(0.0166)"

="SES Controls",="No",="No",="Yes",="Yes"

="Baby Controls",="No",="Yes",="Yes",="Yes"

="Province Time Trend",="No",="No",="No",="Yes"

="N",="19924",="19924",="19924",="19924"

="Standard errors in parentheses"
="* p<0.1, ** p<0.05, *** p<0.01"

="",="(1)",="(2)",="(3)",="(4)"
="",="prenatal_visit",="prenatal_visit",="prenatal_visit",="prenatal_visit"

="low2_fbd_district_oldXpost",="0.160***",="0.165***",="0.159***",="0.127***"
="",="(0.0395)",="(0.0392)",="(0.0408)",="(0.0409)"

="SES Controls",="No",="No",="Yes",="Yes"

="Baby Controls",="No",="Yes",="Yes",="Yes"

="Province Time Trend",="No",="No",="No",="Yes"

="N",="19924",="19924",="19924",="19924"

="Standard errors in parentheses"
="* p<0.1, ** p<0.05, *** p<0.01"

="",="(1)",="(2)",="(3)",="(4)"
="",="first_prenatal_visit",="first_prenatal_visit",="first_prenatal_visit",="first_prenatal_visit"

="low2_fbd_district_oldXpost",="-0.198**",="-0.212***",="-0.206***",="-0.135*"
="",="(0.0769)",="(0.0762)",="(0.0787)",="(0.0752)"

="SES Controls",="No",="No",="Yes",="Yes"

="Baby Controls",="No",="Yes",="Yes",="Yes"

="Province Time Trend",="No",="No",="No",="Yes"

="N",="19924",="19924",="19924",="19924"

="Standard errors in parentheses"
="* p<0.1, ** p<0.05, *** p<0.01"
